department,date,total_emails,total_docs,total_shares,total_meetings,unique_users,meet_to_email_ratio
Engineering,2025-01-01,212,185,122,120,37,0.5660377358490566
Engineering,2025-01-02,237,201,142,161,37,0.679324894514768
Engineering,2025-01-03,222,222,159,153,37,0.6891891891891891
Engineering,2025-01-04,70,73,54,67,37,0.9571428571428572
Engineering,2025-01-05,85,56,39,74,37,0.8705882352941177
Engineering,2025-01-06,215,183,130,138,37,0.641860465116279
Engineering,2025-01-07,216,177,124,148,37,0.6851851851851852
Engineering,2025-01-08,210,182,132,165,37,0.7857142857142857
Engineering,2025-01-09,247,201,139,148,37,0.5991902834008097
Engineering,2025-01-10,224,203,149,151,37,0.6741071428571429
Engineering,2025-01-11,85,73,53,63,37,0.7411764705882353
Engineering,2025-01-12,93,80,54,69,37,0.7419354838709677
Engineering,2025-01-13,229,175,126,176,37,0.7685589519650655
Engineering,2025-01-14,221,181,116,160,37,0.7239819004524887
Engineering,2025-01-15,216,172,120,162,37,0.75
Engineering,2025-01-16,222,178,135,149,37,0.6711711711711712
Engineering,2025-01-17,213,173,135,141,37,0.6619718309859155
Engineering,2025-01-18,92,70,43,50,37,0.5434782608695652
Engineering,2025-01-19,87,70,51,55,37,0.632183908045977
Engineering,2025-01-20,189,178,124,128,37,0.6772486772486772
Engineering,2025-01-21,214,186,131,117,37,0.5467289719626168
Engineering,2025-01-22,190,164,117,141,37,0.7421052631578947
Engineering,2025-01-23,230,190,135,142,37,0.6173913043478261
Engineering,2025-01-24,232,193,138,169,37,0.728448275862069
Engineering,2025-01-25,78,79,53,54,37,0.6923076923076923
Engineering,2025-01-26,101,92,64,63,37,0.6237623762376238
Engineering,2025-01-27,230,189,135,141,37,0.6130434782608696
Engineering,2025-01-28,211,182,128,157,37,0.7440758293838863
Engineering,2025-01-29,218,164,112,148,37,0.6788990825688074
Engineering,2025-01-30,222,202,126,149,37,0.6711711711711712
Engineering,2025-01-31,220,158,111,142,37,0.6454545454545455
Engineering,2025-02-01,81,67,46,41,37,0.5061728395061729
Engineering,2025-02-02,84,79,62,47,37,0.5595238095238095
Engineering,2025-02-03,241,192,152,168,37,0.6970954356846473
Engineering,2025-02-04,215,198,137,168,37,0.7813953488372093
Engineering,2025-02-05,213,203,147,167,37,0.784037558685446
Engineering,2025-02-06,212,191,129,148,37,0.6981132075471698
Engineering,2025-02-07,201,179,128,175,37,0.8706467661691543
Engineering,2025-02-08,76,72,53,53,37,0.6973684210526315
Engineering,2025-02-09,91,74,53,71,37,0.7802197802197802
Engineering,2025-02-10,237,179,124,140,37,0.5907172995780591
Engineering,2025-02-11,229,187,128,135,37,0.5895196506550219
Engineering,2025-02-12,210,172,118,152,37,0.7238095238095238
Engineering,2025-02-13,234,178,129,146,37,0.6239316239316239
Engineering,2025-02-14,204,174,124,126,37,0.6176470588235294
Engineering,2025-02-15,104,82,46,61,37,0.5865384615384616
Engineering,2025-02-16,89,86,62,56,37,0.6292134831460674
Engineering,2025-02-17,211,177,133,135,37,0.6398104265402843
Engineering,2025-02-18,229,186,129,160,37,0.6986899563318777
Engineering,2025-02-19,241,180,128,127,37,0.5269709543568465
Engineering,2025-02-20,211,167,123,157,37,0.7440758293838863
Engineering,2025-02-21,196,172,112,137,37,0.6989795918367347
Engineering,2025-02-22,86,72,51,81,37,0.9418604651162791
Engineering,2025-02-23,87,60,43,54,37,0.6206896551724138
Engineering,2025-02-24,232,190,141,130,37,0.5603448275862069
Engineering,2025-02-25,237,180,140,147,37,0.620253164556962
Engineering,2025-02-26,248,195,140,151,37,0.6088709677419355
Engineering,2025-02-27,207,164,118,137,37,0.6618357487922706
Engineering,2025-02-28,227,170,125,163,37,0.7180616740088106
Engineering,2025-03-01,94,84,57,62,37,0.6595744680851063
Engineering,2025-03-02,106,77,51,61,37,0.5754716981132075
Engineering,2025-03-03,226,189,130,128,37,0.5663716814159292
Engineering,2025-03-04,222,186,126,137,37,0.6171171171171171
Engineering,2025-03-05,216,204,143,149,37,0.6898148148148148
Engineering,2025-03-06,225,168,119,151,37,0.6711111111111111
Engineering,2025-03-07,206,207,144,150,37,0.7281553398058253
Engineering,2025-03-08,76,85,56,56,37,0.7368421052631579
Engineering,2025-03-09,98,64,45,63,37,0.6428571428571429
Engineering,2025-03-10,238,184,133,125,37,0.5252100840336135
Engineering,2025-03-11,208,206,140,153,37,0.7355769230769231
Engineering,2025-03-12,236,182,137,145,37,0.614406779661017
Engineering,2025-03-13,214,196,137,158,37,0.7383177570093458
Engineering,2025-03-14,194,183,123,146,37,0.7525773195876289
Engineering,2025-03-15,100,66,51,48,37,0.48
Engineering,2025-03-16,92,90,58,63,37,0.6847826086956522
Engineering,2025-03-17,206,205,147,154,37,0.7475728155339806
Engineering,2025-03-18,219,182,131,146,37,0.6666666666666666
Engineering,2025-03-19,224,169,104,146,37,0.6517857142857143
Engineering,2025-03-20,229,181,126,170,37,0.74235807860262
Engineering,2025-03-21,228,181,128,166,37,0.7280701754385965
Engineering,2025-03-22,81,60,36,62,37,0.7654320987654321
Engineering,2025-03-23,82,72,46,58,37,0.7073170731707317
Engineering,2025-03-24,207,199,138,148,37,0.714975845410628
Engineering,2025-03-25,221,175,130,158,37,0.7149321266968326
Engineering,2025-03-26,192,197,127,163,37,0.8489583333333334
Engineering,2025-03-27,214,196,137,146,37,0.6822429906542056
Engineering,2025-03-28,258,198,133,124,37,0.4806201550387597
Engineering,2025-03-29,86,80,56,62,37,0.7209302325581395
Engineering,2025-03-30,79,81,48,67,37,0.8481012658227848
Engineering,2025-03-31,228,181,128,125,37,0.5482456140350878
Engineering,2025-04-01,219,194,133,148,37,0.6757990867579908
Engineering,2025-04-02,205,202,131,141,37,0.6878048780487804
Engineering,2025-04-03,235,211,151,131,37,0.5574468085106383
Engineering,2025-04-04,217,176,123,150,37,0.6912442396313364
Engineering,2025-04-05,81,67,44,59,37,0.7283950617283951
Engineering,2025-04-06,83,76,54,59,37,0.7108433734939759
Engineering,2025-04-07,230,171,117,159,37,0.691304347826087
Engineering,2025-04-08,228,182,126,138,37,0.6052631578947368
Engineering,2025-04-09,230,180,127,136,37,0.591304347826087
Engineering,2025-04-10,223,171,110,140,37,0.6278026905829597
Finance,2025-01-01,76,34,16,51,10,0.6710526315789473
Finance,2025-01-02,71,44,30,42,10,0.5915492957746479
Finance,2025-01-03,66,32,23,52,10,0.7878787878787878
Finance,2025-01-04,25,17,12,14,10,0.56
Finance,2025-01-05,26,15,8,28,10,1.0769230769230769
Finance,2025-01-06,60,37,23,43,10,0.7166666666666667
Finance,2025-01-07,64,40,25,36,10,0.5625
Finance,2025-01-08,64,42,26,43,10,0.671875
Finance,2025-01-09,70,39,22,40,10,0.5714285714285714
Finance,2025-01-10,68,41,24,54,10,0.7941176470588235
Finance,2025-01-11,31,10,6,11,10,0.3548387096774194
Finance,2025-01-12,36,14,9,19,10,0.5277777777777778
Finance,2025-01-13,68,44,29,49,10,0.7205882352941176
Finance,2025-01-14,65,49,29,51,10,0.7846153846153846
Finance,2025-01-15,67,41,26,51,10,0.7611940298507462
Finance,2025-01-16,73,38,20,51,10,0.6986301369863014
Finance,2025-01-17,71,45,28,50,10,0.704225352112676
Finance,2025-01-18,30,12,7,23,10,0.7666666666666667
Finance,2025-01-19,31,13,10,20,10,0.6451612903225806
Finance,2025-01-20,79,35,17,50,10,0.6329113924050633
Finance,2025-01-21,76,37,28,48,10,0.631578947368421
Finance,2025-01-22,60,33,16,53,10,0.8833333333333333
Finance,2025-01-23,71,38,25,42,10,0.5915492957746479
Finance,2025-01-24,70,39,21,39,10,0.5571428571428572
Finance,2025-01-25,30,9,6,16,10,0.5333333333333333
Finance,2025-01-26,36,24,10,17,10,0.4722222222222222
Finance,2025-01-27,82,40,26,52,10,0.6341463414634146
Finance,2025-01-28,65,41,27,38,10,0.5846153846153846
Finance,2025-01-29,66,41,21,55,10,0.8333333333333334
Finance,2025-01-30,73,38,22,54,10,0.7397260273972602
Finance,2025-01-31,80,45,23,57,10,0.7125
Finance,2025-02-01,29,12,5,17,10,0.5862068965517241
Finance,2025-02-02,28,18,13,20,10,0.7142857142857143
Finance,2025-02-03,76,39,22,37,10,0.4868421052631579
Finance,2025-02-04,60,43,25,50,10,0.8333333333333334
Finance,2025-02-05,67,35,20,60,10,0.8955223880597015
Finance,2025-02-06,57,39,23,48,10,0.8421052631578947
Finance,2025-02-07,57,41,26,49,10,0.8596491228070176
Finance,2025-02-08,24,14,12,17,10,0.7083333333333334
Finance,2025-02-09,34,19,13,15,10,0.4411764705882353
Finance,2025-02-10,68,44,30,60,10,0.8823529411764706
Finance,2025-02-11,69,46,30,60,10,0.8695652173913043
Finance,2025-02-12,68,42,19,50,10,0.7352941176470589
Finance,2025-02-13,63,43,24,48,10,0.7619047619047619
Finance,2025-02-14,76,40,23,39,10,0.5131578947368421
Finance,2025-02-15,24,14,8,22,10,0.9166666666666666
Finance,2025-02-16,17,10,8,17,10,1.0
Finance,2025-02-17,69,49,32,47,10,0.6811594202898551
Finance,2025-02-18,81,37,18,52,10,0.6419753086419753
Finance,2025-02-19,64,36,15,61,10,0.953125
Finance,2025-02-20,83,42,22,41,10,0.4939759036144578
Finance,2025-02-21,65,50,37,50,10,0.7692307692307693
Finance,2025-02-22,26,19,11,23,10,0.8846153846153846
Finance,2025-02-23,27,13,9,12,10,0.4444444444444444
Finance,2025-02-24,66,38,20,53,10,0.803030303030303
Finance,2025-02-25,70,40,15,48,10,0.6857142857142857
Finance,2025-02-26,82,41,25,41,10,0.5
Finance,2025-02-27,72,44,26,52,10,0.7222222222222222
Finance,2025-02-28,71,42,25,49,10,0.6901408450704225
Finance,2025-03-01,31,11,11,16,10,0.5161290322580645
Finance,2025-03-02,31,15,7,23,10,0.7419354838709677
Finance,2025-03-03,66,33,21,47,10,0.7121212121212122
Finance,2025-03-04,73,41,24,57,10,0.7808219178082192
Finance,2025-03-05,63,41,24,58,10,0.9206349206349206
Finance,2025-03-06,75,45,29,46,10,0.6133333333333333
Finance,2025-03-07,63,35,23,54,10,0.8571428571428571
Finance,2025-03-08,25,6,2,28,10,1.12
Finance,2025-03-09,30,12,8,26,10,0.8666666666666667
Finance,2025-03-10,77,44,24,49,10,0.6363636363636364
Finance,2025-03-11,74,39,25,49,10,0.6621621621621622
Finance,2025-03-12,69,42,24,49,10,0.7101449275362319
Finance,2025-03-13,72,35,23,60,10,0.8333333333333334
Finance,2025-03-14,65,47,28,55,10,0.8461538461538461
Finance,2025-03-15,28,18,11,16,10,0.5714285714285714
Finance,2025-03-16,20,21,13,20,10,1.0
Finance,2025-03-17,52,39,19,46,10,0.8846153846153846
Finance,2025-03-18,79,33,20,41,10,0.5189873417721519
Finance,2025-03-19,65,37,25,61,10,0.9384615384615385
Finance,2025-03-20,74,34,19,66,10,0.8918918918918919
Finance,2025-03-21,74,37,20,42,10,0.5675675675675675
Finance,2025-03-22,36,19,10,27,10,0.75
Finance,2025-03-23,35,10,9,26,10,0.7428571428571429
Finance,2025-03-24,76,39,22,47,10,0.618421052631579
Finance,2025-03-25,86,38,25,44,10,0.5116279069767442
Finance,2025-03-26,72,46,26,50,10,0.6944444444444444
Finance,2025-03-27,71,39,28,64,10,0.9014084507042254
Finance,2025-03-28,71,33,23,57,10,0.8028169014084507
Finance,2025-03-29,24,17,11,19,10,0.7916666666666666
Finance,2025-03-30,27,15,10,19,10,0.7037037037037037
Finance,2025-03-31,65,40,28,63,10,0.9692307692307692
Finance,2025-04-01,73,38,22,41,10,0.5616438356164384
Finance,2025-04-02,73,34,24,47,10,0.6438356164383562
Finance,2025-04-03,85,43,26,56,10,0.6588235294117647
Finance,2025-04-04,81,35,21,58,10,0.7160493827160493
Finance,2025-04-05,28,21,12,28,10,1.0
Finance,2025-04-06,30,15,11,14,10,0.4666666666666667
Finance,2025-04-07,67,44,28,60,10,0.8955223880597015
Finance,2025-04-08,84,37,22,42,10,0.5
Finance,2025-04-09,71,30,21,59,10,0.8309859154929577
Finance,2025-04-10,59,32,20,48,10,0.8135593220338984
HR,2025-01-01,65,32,22,55,11,0.8461538461538461
HR,2025-01-02,72,33,17,56,11,0.7777777777777778
HR,2025-01-03,56,36,20,50,11,0.8928571428571429
HR,2025-01-04,22,21,16,17,11,0.7727272727272727
HR,2025-01-05,31,16,6,23,11,0.7419354838709677
HR,2025-01-06,38,36,19,75,11,1.9736842105263157
HR,2025-01-07,64,27,11,63,11,0.984375
HR,2025-01-08,46,38,24,39,11,0.8478260869565217
HR,2025-01-09,65,43,26,52,11,0.8
HR,2025-01-10,55,41,20,58,11,1.0545454545454545
HR,2025-01-11,24,22,18,14,11,0.5833333333333334
HR,2025-01-12,16,14,10,24,11,1.5
HR,2025-01-13,48,43,24,58,11,1.2083333333333333
HR,2025-01-14,55,42,30,50,11,0.9090909090909091
HR,2025-01-15,52,38,23,49,11,0.9423076923076923
HR,2025-01-16,61,33,19,60,11,0.9836065573770492
HR,2025-01-17,68,32,18,50,11,0.7352941176470589
HR,2025-01-18,21,22,16,27,11,1.2857142857142858
HR,2025-01-19,21,11,3,30,11,1.4285714285714286
HR,2025-01-20,77,36,23,53,11,0.6883116883116883
HR,2025-01-21,46,41,19,62,11,1.3478260869565217
HR,2025-01-22,51,37,23,52,11,1.0196078431372548
HR,2025-01-23,57,33,15,61,11,1.0701754385964912
HR,2025-01-24,58,32,22,58,11,1.0
HR,2025-01-25,21,14,7,25,11,1.1904761904761905
HR,2025-01-26,18,16,7,29,11,1.6111111111111112
HR,2025-01-27,51,33,20,50,11,0.9803921568627451
HR,2025-01-28,58,42,28,63,11,1.0862068965517242
HR,2025-01-29,55,25,13,66,11,1.2
HR,2025-01-30,61,38,21,54,11,0.8852459016393442
HR,2025-01-31,57,32,18,61,11,1.0701754385964912
HR,2025-02-01,19,13,6,15,11,0.7894736842105263
HR,2025-02-02,17,16,9,17,11,1.0
HR,2025-02-03,58,36,22,66,11,1.1379310344827587
HR,2025-02-04,51,36,19,67,11,1.3137254901960784
HR,2025-02-05,53,26,17,57,11,1.0754716981132075
HR,2025-02-06,52,34,21,74,11,1.4230769230769231
HR,2025-02-07,43,32,19,53,11,1.2325581395348837
HR,2025-02-08,13,12,6,30,11,2.3076923076923075
HR,2025-02-09,21,13,8,28,11,1.3333333333333333
HR,2025-02-10,62,20,13,52,11,0.8387096774193549
HR,2025-02-11,48,33,21,63,11,1.3125
HR,2025-02-12,49,26,19,62,11,1.2653061224489797
HR,2025-02-13,63,42,22,54,11,0.8571428571428571
HR,2025-02-14,45,27,17,47,11,1.0444444444444445
HR,2025-02-15,26,14,10,28,11,1.0769230769230769
HR,2025-02-16,15,12,5,16,11,1.0666666666666667
HR,2025-02-17,65,34,20,65,11,1.0
HR,2025-02-18,50,45,25,51,11,1.02
HR,2025-02-19,55,37,22,44,11,0.8
HR,2025-02-20,49,34,16,68,11,1.3877551020408163
HR,2025-02-21,60,33,25,53,11,0.8833333333333333
HR,2025-02-22,22,15,8,25,11,1.1363636363636365
HR,2025-02-23,27,17,12,26,11,0.9629629629629629
HR,2025-02-24,56,30,15,65,11,1.1607142857142858
HR,2025-02-25,70,36,17,71,11,1.0142857142857142
HR,2025-02-26,55,44,25,58,11,1.0545454545454545
HR,2025-02-27,48,42,25,63,11,1.3125
HR,2025-02-28,49,41,30,56,11,1.1428571428571428
HR,2025-03-01,26,10,8,18,11,0.6923076923076923
HR,2025-03-02,24,15,9,22,11,0.9166666666666666
HR,2025-03-03,67,41,26,48,11,0.7164179104477612
HR,2025-03-04,54,32,13,65,11,1.2037037037037037
HR,2025-03-05,57,26,16,61,11,1.0701754385964912
HR,2025-03-06,45,42,23,60,11,1.3333333333333333
HR,2025-03-07,57,25,13,55,11,0.9649122807017544
HR,2025-03-08,23,12,6,25,11,1.0869565217391304
HR,2025-03-09,19,6,2,21,11,1.105263157894737
HR,2025-03-10,48,32,19,44,11,0.9166666666666666
HR,2025-03-11,65,38,24,53,11,0.8153846153846154
HR,2025-03-12,60,51,35,57,11,0.95
HR,2025-03-13,59,36,24,40,11,0.6779661016949152
HR,2025-03-14,59,31,19,62,11,1.0508474576271187
HR,2025-03-15,16,14,6,14,11,0.875
HR,2025-03-16,18,13,8,24,11,1.3333333333333333
HR,2025-03-17,58,36,22,52,11,0.896551724137931
HR,2025-03-18,61,32,18,58,11,0.9508196721311475
HR,2025-03-19,53,33,17,58,11,1.0943396226415094
HR,2025-03-20,58,37,25,50,11,0.8620689655172413
HR,2025-03-21,51,44,23,52,11,1.0196078431372548
HR,2025-03-22,23,12,7,20,11,0.8695652173913043
HR,2025-03-23,16,12,8,23,11,1.4375
HR,2025-03-24,73,36,21,60,11,0.821917808219178
HR,2025-03-25,50,43,29,58,11,1.16
HR,2025-03-26,52,26,13,74,11,1.4230769230769231
HR,2025-03-27,56,40,24,48,11,0.8571428571428571
HR,2025-03-28,52,36,21,51,11,0.9807692307692307
HR,2025-03-29,19,21,9,33,11,1.736842105263158
HR,2025-03-30,16,15,9,23,11,1.4375
HR,2025-03-31,66,35,22,50,11,0.7575757575757576
HR,2025-04-01,45,38,23,60,11,1.3333333333333333
HR,2025-04-02,45,30,19,59,11,1.3111111111111111
HR,2025-04-03,60,29,17,70,11,1.1666666666666667
HR,2025-04-04,52,33,20,57,11,1.0961538461538463
HR,2025-04-05,17,10,7,22,11,1.2941176470588236
HR,2025-04-06,20,15,8,22,11,1.1
HR,2025-04-07,63,31,22,62,11,0.9841269841269841
HR,2025-04-08,57,35,19,51,11,0.8947368421052632
HR,2025-04-09,47,40,24,52,11,1.1063829787234043
HR,2025-04-10,66,38,20,61,11,0.9242424242424242
Marketing,2025-01-01,140,83,49,86,18,0.6142857142857143
Marketing,2025-01-02,162,72,52,90,18,0.5555555555555556
Marketing,2025-01-03,150,59,45,96,18,0.64
Marketing,2025-01-04,52,29,17,32,18,0.6153846153846154
Marketing,2025-01-05,67,33,20,40,18,0.5970149253731343
Marketing,2025-01-06,158,73,50,81,18,0.5126582278481012
Marketing,2025-01-07,139,74,46,90,18,0.6474820143884892
Marketing,2025-01-08,141,57,40,79,18,0.5602836879432624
Marketing,2025-01-09,144,91,55,97,18,0.6736111111111112
Marketing,2025-01-10,155,66,44,74,18,0.4774193548387097
Marketing,2025-01-11,51,19,13,39,18,0.7647058823529411
Marketing,2025-01-12,54,27,14,29,18,0.5370370370370371
Marketing,2025-01-13,153,76,55,101,18,0.6601307189542484
Marketing,2025-01-14,147,62,41,91,18,0.6190476190476191
Marketing,2025-01-15,157,91,61,78,18,0.4968152866242038
Marketing,2025-01-16,153,69,50,91,18,0.5947712418300654
Marketing,2025-01-17,159,72,48,93,18,0.5849056603773585
Marketing,2025-01-18,58,31,21,48,18,0.8275862068965517
Marketing,2025-01-19,58,23,17,52,18,0.896551724137931
Marketing,2025-01-20,148,79,50,75,18,0.5067567567567568
Marketing,2025-01-21,125,77,49,91,18,0.728
Marketing,2025-01-22,157,78,44,91,18,0.5796178343949044
Marketing,2025-01-23,171,80,54,93,18,0.543859649122807
Marketing,2025-01-24,143,81,51,86,18,0.6013986013986014
Marketing,2025-01-25,62,32,24,42,18,0.6774193548387096
Marketing,2025-01-26,65,31,24,32,18,0.49230769230769234
Marketing,2025-01-27,138,83,56,85,18,0.6159420289855072
Marketing,2025-01-28,152,59,38,100,18,0.6578947368421053
Marketing,2025-01-29,142,88,58,98,18,0.6901408450704225
Marketing,2025-01-30,137,71,46,88,18,0.6423357664233577
Marketing,2025-01-31,142,72,49,92,18,0.647887323943662
Marketing,2025-02-01,59,24,15,36,18,0.6101694915254238
Marketing,2025-02-02,54,25,18,36,18,0.6666666666666666
Marketing,2025-02-03,131,68,45,96,18,0.732824427480916
Marketing,2025-02-04,139,73,53,100,18,0.7194244604316546
Marketing,2025-02-05,125,75,47,82,18,0.656
Marketing,2025-02-06,160,73,43,81,18,0.50625
Marketing,2025-02-07,150,76,38,85,18,0.5666666666666667
Marketing,2025-02-08,55,30,21,32,18,0.5818181818181818
Marketing,2025-02-09,54,29,19,33,18,0.6111111111111112
Marketing,2025-02-10,149,64,40,105,18,0.7046979865771812
Marketing,2025-02-11,138,66,49,80,18,0.5797101449275363
Marketing,2025-02-12,140,84,55,92,18,0.6571428571428571
Marketing,2025-02-13,151,64,43,90,18,0.5960264900662252
Marketing,2025-02-14,142,84,51,84,18,0.5915492957746479
Marketing,2025-02-15,59,23,11,37,18,0.6271186440677966
Marketing,2025-02-16,54,27,21,45,18,0.8333333333333334
Marketing,2025-02-17,142,89,55,91,18,0.6408450704225352
Marketing,2025-02-18,150,70,48,103,18,0.6866666666666666
Marketing,2025-02-19,138,66,41,80,18,0.5797101449275363
Marketing,2025-02-20,126,88,58,83,18,0.6587301587301587
Marketing,2025-02-21,159,82,47,85,18,0.5345911949685535
Marketing,2025-02-22,63,23,16,33,18,0.5238095238095238
Marketing,2025-02-23,60,33,22,34,18,0.5666666666666667
Marketing,2025-02-24,155,84,51,86,18,0.5548387096774193
Marketing,2025-02-25,147,89,60,88,18,0.5986394557823129
Marketing,2025-02-26,159,80,51,84,18,0.5283018867924528
Marketing,2025-02-27,151,90,50,89,18,0.5894039735099338
Marketing,2025-02-28,142,76,52,85,18,0.5985915492957746
Marketing,2025-03-01,51,31,18,34,18,0.6666666666666666
Marketing,2025-03-02,45,26,18,35,18,0.7777777777777778
Marketing,2025-03-03,147,69,45,88,18,0.5986394557823129
Marketing,2025-03-04,139,74,51,94,18,0.6762589928057554
Marketing,2025-03-05,166,66,47,77,18,0.463855421686747
Marketing,2025-03-06,131,63,42,91,18,0.6946564885496184
Marketing,2025-03-07,175,65,47,79,18,0.4514285714285714
Marketing,2025-03-08,56,26,22,39,18,0.6964285714285714
Marketing,2025-03-09,52,36,22,33,18,0.6346153846153846
Marketing,2025-03-10,158,81,52,80,18,0.5063291139240507
Marketing,2025-03-11,143,65,52,86,18,0.6013986013986014
Marketing,2025-03-12,148,81,49,85,18,0.5743243243243243
Marketing,2025-03-13,163,89,63,81,18,0.49693251533742333
Marketing,2025-03-14,131,60,40,86,18,0.6564885496183206
Marketing,2025-03-15,50,26,18,35,18,0.7
Marketing,2025-03-16,53,28,24,33,18,0.6226415094339622
Marketing,2025-03-17,154,56,38,87,18,0.564935064935065
Marketing,2025-03-18,129,79,53,85,18,0.6589147286821705
Marketing,2025-03-19,131,56,34,105,18,0.8015267175572519
Marketing,2025-03-20,141,71,43,102,18,0.723404255319149
Marketing,2025-03-21,149,77,50,77,18,0.5167785234899329
Marketing,2025-03-22,63,29,19,30,18,0.47619047619047616
Marketing,2025-03-23,66,34,18,28,18,0.42424242424242425
Marketing,2025-03-24,140,65,43,84,18,0.6
Marketing,2025-03-25,141,65,44,77,18,0.5460992907801419
Marketing,2025-03-26,164,77,55,88,18,0.5365853658536586
Marketing,2025-03-27,132,70,47,94,18,0.7121212121212122
Marketing,2025-03-28,137,73,52,64,18,0.46715328467153283
Marketing,2025-03-29,57,23,18,36,18,0.631578947368421
Marketing,2025-03-30,69,21,13,38,18,0.5507246376811594
Marketing,2025-03-31,139,88,57,97,18,0.697841726618705
Marketing,2025-04-01,137,98,63,93,18,0.6788321167883211
Marketing,2025-04-02,155,69,45,79,18,0.5096774193548387
Marketing,2025-04-03,143,65,49,91,18,0.6363636363636364
Marketing,2025-04-04,125,87,57,104,18,0.832
Marketing,2025-04-05,67,34,22,32,18,0.47761194029850745
Marketing,2025-04-06,67,29,18,45,18,0.6716417910447762
Marketing,2025-04-07,133,66,42,92,18,0.6917293233082706
Marketing,2025-04-08,119,56,31,104,18,0.8739495798319328
Marketing,2025-04-09,157,67,40,93,18,0.5923566878980892
Marketing,2025-04-10,136,74,41,102,18,0.75
Sales,2025-01-01,246,87,51,157,24,0.6382113821138211
Sales,2025-01-02,200,58,25,125,24,0.625
Sales,2025-01-03,253,78,44,154,24,0.6086956521739131
Sales,2025-01-04,100,31,13,48,24,0.48
Sales,2025-01-05,94,26,16,61,24,0.648936170212766
Sales,2025-01-06,248,77,39,122,24,0.49193548387096775
Sales,2025-01-07,249,68,45,148,24,0.5943775100401606
Sales,2025-01-08,267,82,49,139,24,0.5205992509363296
Sales,2025-01-09,272,81,49,151,24,0.5551470588235294
Sales,2025-01-10,234,75,43,132,24,0.5641025641025641
Sales,2025-01-11,83,32,20,48,24,0.5783132530120482
Sales,2025-01-12,81,25,14,62,24,0.7654320987654321
Sales,2025-01-13,211,61,30,165,24,0.7819905213270142
Sales,2025-01-14,243,66,34,143,24,0.588477366255144
Sales,2025-01-15,234,52,29,146,24,0.6239316239316239
Sales,2025-01-16,230,69,35,142,24,0.6173913043478261
Sales,2025-01-17,271,96,48,121,24,0.44649446494464945
Sales,2025-01-18,101,24,14,68,24,0.6732673267326733
Sales,2025-01-19,89,30,18,52,24,0.5842696629213483
Sales,2025-01-20,226,81,41,139,24,0.6150442477876106
Sales,2025-01-21,234,73,42,122,24,0.5213675213675214
Sales,2025-01-22,227,84,47,147,24,0.6475770925110133
Sales,2025-01-23,258,74,44,133,24,0.5155038759689923
Sales,2025-01-24,225,74,40,126,24,0.56
Sales,2025-01-25,112,27,15,61,24,0.5446428571428571
Sales,2025-01-26,93,30,15,54,24,0.5806451612903226
Sales,2025-01-27,257,67,35,163,24,0.6342412451361867
Sales,2025-01-28,245,73,35,142,24,0.5795918367346938
Sales,2025-01-29,267,79,42,149,24,0.5580524344569289
Sales,2025-01-30,262,69,40,135,24,0.5152671755725191
Sales,2025-01-31,232,66,40,161,24,0.6939655172413793
Sales,2025-02-01,85,28,15,59,24,0.6941176470588235
Sales,2025-02-02,100,22,14,57,24,0.57
Sales,2025-02-03,255,69,38,134,24,0.5254901960784314
Sales,2025-02-04,245,76,41,152,24,0.6204081632653061
Sales,2025-02-05,262,78,33,138,24,0.5267175572519084
Sales,2025-02-06,241,91,50,144,24,0.5975103734439834
Sales,2025-02-07,235,51,28,158,24,0.6723404255319149
Sales,2025-02-08,94,23,15,52,24,0.5531914893617021
Sales,2025-02-09,84,29,14,77,24,0.9166666666666666
Sales,2025-02-10,235,68,34,146,24,0.6212765957446809
Sales,2025-02-11,203,63,34,135,24,0.6650246305418719
Sales,2025-02-12,233,75,50,153,24,0.6566523605150214
Sales,2025-02-13,230,86,49,151,24,0.6565217391304348
Sales,2025-02-14,249,81,40,153,24,0.6144578313253012
Sales,2025-02-15,100,23,11,61,24,0.61
Sales,2025-02-16,84,33,19,55,24,0.6547619047619048
Sales,2025-02-17,221,69,37,145,24,0.6561085972850679
Sales,2025-02-18,237,62,32,163,24,0.6877637130801688
Sales,2025-02-19,225,62,32,143,24,0.6355555555555555
Sales,2025-02-20,212,84,42,145,24,0.6839622641509434
Sales,2025-02-21,248,65,36,137,24,0.5524193548387096
Sales,2025-02-22,93,32,15,49,24,0.5268817204301075
Sales,2025-02-23,88,33,20,64,24,0.7272727272727273
Sales,2025-02-24,266,69,44,151,24,0.5676691729323309
Sales,2025-02-25,208,69,31,154,24,0.7403846153846154
Sales,2025-02-26,250,63,33,144,24,0.576
Sales,2025-02-27,241,71,40,144,24,0.5975103734439834
Sales,2025-02-28,248,76,37,143,24,0.5766129032258065
Sales,2025-03-01,97,20,10,44,24,0.4536082474226804
Sales,2025-03-02,103,29,17,72,24,0.6990291262135923
Sales,2025-03-03,189,87,46,174,24,0.9206349206349206
Sales,2025-03-04,236,80,52,159,24,0.673728813559322
Sales,2025-03-05,249,60,29,137,24,0.5502008032128514
Sales,2025-03-06,216,79,47,151,24,0.6990740740740741
Sales,2025-03-07,220,64,37,136,24,0.6181818181818182
Sales,2025-03-08,93,18,11,50,24,0.5376344086021505
Sales,2025-03-09,107,24,17,54,24,0.5046728971962616
Sales,2025-03-10,246,80,49,141,24,0.573170731707317
Sales,2025-03-11,233,82,39,121,24,0.51931330472103
Sales,2025-03-12,231,70,48,153,24,0.6623376623376623
Sales,2025-03-13,246,81,45,140,24,0.5691056910569106
Sales,2025-03-14,234,68,37,145,24,0.6196581196581197
Sales,2025-03-15,91,30,19,49,24,0.5384615384615384
Sales,2025-03-16,93,30,14,53,24,0.5698924731182796
Sales,2025-03-17,237,71,37,152,24,0.6413502109704642
Sales,2025-03-18,257,63,39,177,24,0.688715953307393
Sales,2025-03-19,283,66,33,162,24,0.5724381625441696
Sales,2025-03-20,219,75,48,161,24,0.7351598173515982
Sales,2025-03-21,260,61,34,124,24,0.47692307692307695
Sales,2025-03-22,88,30,11,49,24,0.5568181818181818
Sales,2025-03-23,80,21,6,55,24,0.6875
Sales,2025-03-24,237,70,36,138,24,0.5822784810126582
Sales,2025-03-25,250,64,36,128,24,0.512
Sales,2025-03-26,268,73,41,157,24,0.585820895522388
Sales,2025-03-27,256,71,30,147,24,0.57421875
Sales,2025-03-28,249,61,38,137,24,0.5502008032128514
Sales,2025-03-29,92,28,14,53,24,0.5760869565217391
Sales,2025-03-30,99,23,10,56,24,0.5656565656565656
Sales,2025-03-31,263,87,47,152,24,0.5779467680608364
Sales,2025-04-01,234,63,37,133,24,0.5683760683760684
Sales,2025-04-02,253,66,38,129,24,0.5098814229249012
Sales,2025-04-03,237,80,42,135,24,0.569620253164557
Sales,2025-04-04,254,70,39,124,24,0.4881889763779528
Sales,2025-04-05,111,36,17,68,24,0.6126126126126126
Sales,2025-04-06,86,30,13,54,24,0.627906976744186
Sales,2025-04-07,206,72,41,143,24,0.6941747572815534
Sales,2025-04-08,265,71,45,119,24,0.4490566037735849
Sales,2025-04-09,254,53,26,128,24,0.5039370078740157
Sales,2025-04-10,208,71,42,136,24,0.6538461538461539
